word_1.png,flying
word_2.png,today
word_3.png,means
word_4.png,vueling
word_5.png,GET
word_6.png,AWA
word_8.png,SEATS
word_9.png,FROM
word_11.png,Book
word_12.png,now!
word_13.png,SMI
word_14.png,SensoMotoric
word_15.png,Instruments
word_16.png,NEWSLETTER
word_17.png,click
word_18.png,play
word_19.png,Politicians'
word_20.png,Cheating
word_21.png,Hearts
word_22.png,From
word_23.png,Bill
word_24.png,Clinton
word_25.png,John
word_26.png,Ensig
word_28.png,crosses
word_29.png,both
word_30.png,party
word_31.png,lines
word_32.png,How
word_33.png,Find
word_34.png,the
word_35.png,Perfect
word_36.png,HDTV
word_37.png,The
word_38.png,new
word_39.png,Apple
word_40.png,Easier
word_41.png,navigation.
word_42.png,Great
word_43.png,new
word_44.png,features.
word_45.png,The
word_46.png,special
word_47.png,one-day
word_48.png,Apple
word_49.png,shopping
word_50.png,event.
word_51.png,This
word_52.png,Friday.
word_53.png,ROCK
word_54.png,Security
word_55.png,options
word_56.png,for
word_57.png,dynamic
word_58.png,infrastructure
word_59.png,Get
word_60.png,protected
word_61.png,FORUMS
word_62.png,ENTER
word_63.png,FREE
word_64.png,Web
word_65.png,Hosting
word_66.png,COST
word_67.png,COMPROMISES.
word_68.png,YOU'RE
word_69.png,ONLINE.
word_70.png,ALL
word_71.png,THE
word_72.png,TIME.
word_73.png,Red
word_74.png,Hat
word_75.png,Enterprise
word_76.png,Linux
word_77.png,keeps
word_78.png,your
word_79.png,web
word_80.png,apps
word_81.png,running.
word_82.png,LEARN
word_83.png,MORE
word_84.png,SPACE
word_85.png,Google
word_86.png,Disney
word_87.png,PIXAR
word_88.png,Mike
word_89.png,Wants
word_90.png,You!
word_91.png,Pixar
word_92.png,always
word_93.png,looking
word_94.png,for
word_95.png,new
word_96.png,talent!
word_97.png,Check
word_98.png,out
word_99.png,our
word_100.png,latest
word_101.png,Career
word_102.png,Listings.
word_103.png,Web
word_104.png,Site
word_105.png,Partly
word_106.png,Cloudy
word_107.png,Visit
word_108.png,the
word_109.png,official
word_110.png,web
word_111.png,site
word_112.png,Experience
word_113.png,the
word_114.png,pitfalls
word_115.png,baby
word_116.png,delivery
word_117.png,Pixar's
word_118.png,latest
word_119.png,short.
word_120.png,next
word_121.png,ARE
word_122.png,YOUR
word_123.png,OFF-SITE
word_124.png,FORTUNE
word_125.png,500
word_126.png,DEPARTMENT.
word_127.png,LEARN
word_128.png,MORE
word_129.png,okcupid
word_130.png,Electronic
word_131.png,Mood
word_132.png,Candles
word_133.png,Multi
word_134.png,Colour
word_135.png,Original
word_136.png,Remote
word_137.png,Control
word_138.png,Candles!
word_139.png,Now
word_140.png,how
word_141.png,achingly
word_142.png,cool
word_143.png,that?
word_144.png,£29.99
word_145.png,GIFT
word_146.png,FINDER
word_147.png,want
word_148.png,one
word_149.png,THOSE
word_150.png,Experiences
word_151.png,Watch
word_152.png,our
word_153.png,Christmas
word_154.png,Ad!
word_155.png,2009
word_156.png,ADVENT
word_157.png,CALENDAR
word_158.png,Guess
word_159.png,today's
word_160.png,mystery
word_161.png,product
word_162.png,and
word_163.png,stand
word_164.png,chance
word_165.png,WIN
word_166.png,it!
word_167.png,MORE
word_168.png,INFO
word_169.png,Gifts
word_170.png,under
word_171.png,$50
word_172.png,Get
word_173.png,Fast
word_174.png,with
word_175.png,expedited
word_176.png,shipping
word_177.png,Pendant
word_178.png,Necklaces
word_179.png,PlayStation
word_180.png,Games
word_181.png,Hardy
word_182.png,Shirts
word_183.png,Aircraft
word_184.png,Vera
word_185.png,Bradley
word_186.png,Bags
word_187.png,Men's
word_188.png,Fragrances
word_189.png,Bluetooth
word_190.png,Headsets
word_191.png,BCBG
word_192.png,Pumps
word_193.png,New
word_194.png,releases
word_195.png,DVD
word_196.png,Star
word_197.png,Trek
word_198.png,Angels
word_199.png,Demons
word_200.png,G.I.
word_201.png,Joe:
word_202.png,The
word_203.png,Rise
word_204.png,Cobra
word_205.png,The
word_206.png,Ugly
word_207.png,Truth
word_208.png,Transformers:
word_209.png,Revenge
word_210.png,the
word_211.png,Fallen
word_212.png,Monsters
word_213.png,vs.
word_214.png,Aliens
word_215.png,The
word_216.png,Proposal
word_217.png,Ice
word_218.png,Age:
word_219.png,Dawn
word_220.png,the
word_221.png,Dinosaurs
word_222.png,10
word_223.png,X-Men
word_224.png,Origins:
word_225.png,Wolverine
word_226.png,STAR
word_227.png,TREK
word_228.png,the
word_229.png,ugly
word_230.png,truth
word_231.png,Reduc
word_234.png,Recycled
word_235.png,Bags
word_236.png,Handcrafted
word_237.png,Jewelry
word_238.png,Reusable
word_239.png,Bottles
word_240.png,Bamboo
word_241.png,Bowls
word_242.png,world
word_243.png,good.com
word_244.png,ebay
word_245.png,Experience
word_246.png,this
word_247.png,Silverlight
word_248.png,your
word_249.png,ready
word_250.png,for
word_251.png,Windows
word_252.png,Download
word_253.png,the
word_254.png,free
word_255.png,Upgrade
word_256.png,Advisor
word_257.png,find
word_258.png,out
word_259.png,Windows
word_260.png,Windows
word_261.png,Internet
word_262.png,Explorer
word_263.png,Safer
word_264.png,online
word_265.png,shopping
word_266.png,Get
word_267.png,the
word_268.png,facts
word_269.png,and
word_270.png,free
word_271.png,tips
word_272.png,UPGRADE
word_273.png,TODAY
word_274.png,Microsoft
word_275.png,Security
word_276.png,Essentials
word_277.png,Protect
word_278.png,your
word_279.png,from
word_280.png,viruse
word_282.png,more
word_283.png,Free
word_284.png,download
word_285.png,Download
word_286.png,the
word_287.png,free
word_288.png,plug-in
word_289.png,fusion
word_290.png,LCD
word_291.png,"32\"""
word_292.png,LE32B450
word_293.png,TDT
word_294.png,"32\"""
word_295.png,ready
word_296.png,SAMSUNG
word_297.png,360 €
word_298.png,IVA
word_299.png,incluido
word_300.png,cod.
word_301.png,39802
word_302.png,LCD
word_303.png,"23\"""
word_304.png,2333HD
word_305.png,TDT
word_306.png,FULL
word_307.png,"23\"""
word_308.png,Full
word_309.png,1080p
word_310.png,SAMSUNG
word_311.png,219 €
word_312.png,IVA
word_313.png,incluido
word_314.png,cod.
word_315.png,43216
word_316.png,WEATHERPROOF
word_317.png,SINCE
word_318.png,1948
word_319.png,Click
word_320.png,for
word_321.png,winter
word_322.png,offers
word_323.png,Search
word_324.png,for
word_325.png,great
word_326.png,DAYS
word_327.png,OUT
word_328.png,Search
word_329.png,for
word_330.png,great
word_331.png,SHORT
word_332.png,BREAKS
word_333.png,enjoy
word_334.png,England
word_335.png,The
word_336.png,official
word_337.png,website
word_338.png,for
word_339.png,breaks
word_340.png,and
word_341.png,days
word_342.png,out
word_343.png,England
word_344.png,2010.es
word_345.png,LEARN
word_346.png,ENGLISH
word_347.png,MATERIALS
word_348.png,FOR
word_349.png,ENGLISH
word_350.png,TEACHERS
word_351.png,Education
word_352.png,Find
word_353.png,out
word_354.png,more
word_355.png,about
word_356.png,studying
word_357.png,the
word_358.png,Take
word_359.png,IELTS
word_360.png,test
word_361.png,Going
word_362.png,Global
word_363.png,The
word_364.png,international
word_365.png,education
word_366.png,conference
word_367.png,24-26
word_368.png,March
word_369.png,2010
word_370.png,KIDS:
word_371.png,LEARN
word_372.png,ENGLISH
word_373.png,ONLINE
word_374.png,Game
word_377.png,more...
word_378.png,visit
word_379.png,the
word_380.png,BRITISH
word_381.png,COUNCIL
word_382.png,COLLECTION
word_383.png,online
word_384.png,SELECTOR
word_385.png,NEW
word_386.png,BRITISH
word_387.png,CUTTING
word_388.png,EDGE
word_389.png,MUSIC
word_390.png,Darwin
word_391.png,NOW
word_392.png,Exploring
word_393.png,evolution
word_394.png,the
word_395.png,21st
word_396.png,century
word_397.png,counter
word_398.png,point
word_399.png,Men
word_400.png,Women
word_401.png,Boys
word_402.png,Girls
word_403.png,Baby
word_404.png,Special
word_405.png,T-Shirt
word_406.png,boys
word_407.png,key
word_408.png,rings
word_409.png,apron
word_410.png,girls
word_411.png,OnLine
word_412.png,Exclusive
word_413.png,T-Shirt!
word_414.png,kuku...
word_415.png,what?
word_416.png,kukuxu...
word_417.png,what?
word_418.png,kukuxumusu!
word_419.png,Sign
word_420.png,and
word_421.png,get
word_422.png,for
word_423.png,only
word_424.png,14€.
word_425.png,CLICK
word_426.png,HERE
word_427.png,Search
word_428.png,for
word_429.png,Special
word_430.png,Offers
word_431.png,DISCOVERIRELAND.IE
word_432.png,RIGHT
word_433.png,HER
word_435.png,NOW
word_436.png,Consumer
word_437.png,Support
word_438.png,Forum
word_439.png,Resource
word_440.png,Center
word_441.png,Forum
word_442.png,VooDoo
word_443.png,Gaming
word_444.png,Forum
word_445.png,Creative
word_446.png,Printing
word_447.png,Community
word_448.png,Info
word_449.png,Management
word_450.png,Hub
word_451.png,ASK.
word_452.png,ANSWER.
word_453.png,EXPERIENCE.
word_454.png,Ask
word_455.png,questio
word_457.png,answe
word_459.png,solution
word_460.png,read
word_461.png,blogs
word_462.png,wide
word_463.png,variety
word_464.png,topics
word_465.png,with
word_466.png,communities.
word_467.png,THE
word_468.png,BEST
word_469.png,REM
word_470.png,FARGO
word_471.png,abc
word_472.png,abc
word_473.png,Meaningful
word_474.png,Moments
word_475.png,A400M
word_476.png,F1RST
word_477.png,SUCCESSFULLY
word_478.png,COMPLETED
word_479.png,FLIGHT
word_480.png,WATCH
word_481.png,THE
word_482.png,PHOTO
word_483.png,AND
word_484.png,VIDEO
word_485.png,HIGHLIGHTS
word_486.png,THIS
word_487.png,MILESTONE
word_488.png,EVENT
word_489.png,Visit
word_490.png,the
word_491.png,webite
word_492.png,HEALTH
word_493.png,ACTION
word_494.png,NOW
word_495.png,SWALLOW
word_496.png,ONE
word_497.png,TAB
word_498.png,VIAGRA
word_499.png,SOFT
word_500.png,TABS
word_501.png,WAIT
word_502.png,ONLY
word_503.png,MINUTES
word_504.png,LOVE
word_505.png,HER
word_506.png,ALL
word_507.png,NIGHT
word_508.png,LONG!
word_509.png,Huge
word_510.png,80%
word_511.png,DISCOUNT!
word_512.png,The
word_513.png,Christmas
word_514.png,sales
word_515.png,begin
word_516.png,...
word_517.png,NOW
word_518.png,$1.44
word_519.png,$1.99
word_520.png,$1.15
word_521.png,$1.35
word_522.png,$2.82
word_523.png,What's
word_524.png,your
word_525.png,fat
word_526.png,age?
word_527.png,Have
word_528.png,you
word_529.png,eaten
word_530.png,lifetime's
word_531.png,worth
word_532.png,cakes
word_533.png,and
word_534.png,pizzas
word_535.png,already?
word_536.png,Ingrid
word_537.png,Tarrant
word_538.png,but
word_539.png,has
word_540.png,fat
word_541.png,age
word_542.png,92
word_543.png,Esther
word_544.png,Rantzen
word_545.png,BEAUTY
word_546.png,COMMUNITY
word_547.png,EXCLUSIVE
word_548.png,Last
word_549.png,chance!
word_550.png,GET
word_551.png,$20
word_552.png,OFF
word_553.png,YOUR
word_554.png,ORDER
word_555.png,Web
word_556.png,Healthy
word_557.png,Pets
word_558.png,Sweepstakes
word_559.png,Win
word_560.png,$
word_561.png,Sign
word_562.png,for
word_563.png,WebMD's
word_564.png,Healthy
word_565.png,Pets
word_566.png,Newsletter
word_567.png,for
word_568.png,chance
word_569.png,win.
word_570.png,Sign
word_571.png,Now
word_572.png,Limited
word_573.png,Time
word_574.png,Offer
word_575.png,today's
word_576.png,bestsellers
word_577.png,vpxl
word_578.png,PayPal
word_579.png,VISA
word_580.png,70%
word_581.png,OFF
word_582.png,Cialis
word_583.png,VIAGRA
word_584.png,100
word_585.png,C20
word_586.png,HOW
word_587.png,MAKE
word_588.png,MOVIE
word_589.png,Pixar's
word_590.png,Animation
word_591.png,Process
word_592.png,build
word_593.png,your
word_594.png,career
word_595.png,COMPUTING
word_596.png,Our
word_597.png,experts.
word_598.png,Your
word_599.png,future.
word_600.png,careers.computer.org
word_601.png,EMPLOYERS
word_602.png,REACH
word_603.png,OVER
word_604.png,12
word_605.png,COMPUTER
word_606.png,PROFESSIONALS
word_607.png,JOB
word_608.png,SEEKERS
word_609.png,APPLY
word_610.png,JOB
word_612.png,YOUR
word_613.png,RESUM
word_615.png,SET
word_616.png,JOB
word_617.png,ALERTS
word_618.png,the
word_619.png,Career
word_620.png,Center
word_621.png,Apartment
word_622.png,Deals
word_623.png,The
word_624.png,Smarter
word_625.png,Accommodation
word_626.png,Alternative
word_627.png,staycity
word_628.png,.com
word_629.png,UK:
word_630.png,0-845
word_631.png,6800848
word_632.png,IRE:
word_633.png,-6776248
word_634.png,USA/CANADA:
word_635.png,1-800-789-8734
word_636.png,info@staycity.com
word_637.png,Other
word_638.png,Fantastic
word_639.png,Deals:
word_640.png,stay
word_641.png,Paris.com
word_642.png,Studios
word_643.png,from
word_644.png,€ 80
word_645.png,per
word_646.png,night
word_647.png,(sleeps
word_648.png,Bed
word_649.png,Apts
word_650.png,from
word_651.png,€ 129
word_652.png,per
word_653.png,night
word_654.png,(sleeps
word_655.png,Bed
word_656.png,Apts
word_657.png,from
word_658.png,€ 135
word_659.png,per
word_660.png,night
word_661.png,(sleeps
word_662.png,Book
word_663.png,now
word_664.png,stay
word_665.png,Rome.com
word_666.png,Bed
word_667.png,Apts
word_668.png,from
word_669.png,€ 79
word_670.png,(sleeps
word_671.png,Bed
word_672.png,Apts
word_673.png,from
word_674.png,€ 89
word_675.png,(sleeps
word_676.png,Book
word_677.png,now
word_678.png,StayAmsterdam.com
word_679.png,Studios
word_680.png,from
word_681.png,€ 59
word_682.png,per
word_683.png,night
word_684.png,(sleeps
word_685.png,Bed
word_686.png,Apts
word_687.png,from
word_688.png,€ 119
word_689.png,per
word_690.png,night
word_691.png,(sleeps
word_692.png,Book
word_693.png,now
word_694.png,Clickair
word_695.png,Fly
word_696.png,smart
word_697.png,computing
word_698.png,now
word_699.png,ACCESS
word_700.png,DISCOVER
word_701.png,ENGAGE
word_702.png,DIGITAL
word_703.png,LIBRARY
word_704.png,Authoritative.
word_705.png,Cutting
word_706.png,Edge.
word_707.png,Comprehensive.
word_708.png,Find
word_709.png,out
word_710.png,more.
word_711.png,FREE
word_712.png,ONLINE
word_713.png,TUTORIAL
word_714.png,from
word_715.png,IEEE
word_716.png,Communications
word_717.png,Society
word_718.png,www.comsoc.org/freetutorials
word_719.png,Tutorials
word_720.png,Now
word_721.png,LTE
word_722.png,TECHNOLOGY
word_723.png,AND
word_724.png,LTE
word_725.png,TEST:
word_726.png,desk
word_727.png,side
word_728.png,chat
word_729.png,LEOPOLD
word_730.png,HOTELS
word_731.png,SHEFFIELD
word_732.png,Getting
word_733.png,onto
word_734.png,Google
word_735.png,exclu
word_736.png,art
word_737.png,Video
word_738.png,WEB
word_739.png,HOSTING
word_740.png,Google AdWords
word_741.png,DUMMIES
word_742.png,0:11/7:29
word_743.png,IEEE
word_744.png,computer
word_745.png,society
word_746.png,MEMBER
word_747.png,CONNECTION
word_748.png,RENEW
word_749.png,NOW!
word_750.png,WorldNomads.com
word_751.png,keep
word_752.png,travelling
word_753.png,safely
word_754.png,PACK
word_755.png,MORE
word_756.png,YOUR
word_757.png,ADVENTURE
word_758.png,With
word_759.png,WorldNomads.Com
word_760.png,PREMIER
word_761.png,APARTMENTS
word_762.png,SPIE
word_763.png,25%
word_764.png,off
word_765.png,Defens
word_768.png,Remote
word_769.png,Sensing
word_770.png,Publications
word_771.png,Share
word_772.png,the
word_773.png,lurve
word_774.png,this
word_775.png,christmas
word_776.png,Season's
word_777.png,Greetings
word_778.png,www.Ferries.gr
word_779.png,WCET
word_780.png,CERTIFICATION
word_781.png,IEEE
word_782.png,Communications
word_783.png,Society
word_784.png,Wireless
word_785.png,Communication
word_786.png,Engineering
word_787.png,Technologies
word_788.png,WWW.IEEE-WCET.ORG
word_789.png,PARK
word_790.png,AVENU
word_792.png,FLOOR
word_793.png,NEW
word_794.png,YOR
word_796.png,USA
word_797.png,212
word_798.png,705
word_799.png,8950
word_800.png,Thanks
word_801.png,for
word_802.png,attending
word_803.png,WebEx
word_804.png,DEMO
word_805.png,IEEE
word_806.png,computer
word_807.png,society
word_808.png,Full-year
word_809.png,membership
word_810.png,for
word_811.png,$99.
word_812.png,See
word_813.png,membership
word_814.png,benefits.
word_815.png,Introducing
word_816.png,Windows
word_817.png,Windows
word_818.png,Home
word_819.png,Premium
word_820.png,Microsoft
word_821.png,Upgrade
word_822.png,Windows
word_823.png,Windows
word_824.png,Professional
word_825.png,Microsoft
word_826.png,Upgrade
word_827.png,Windows
word_828.png,Windows
word_829.png,Ultimate
word_830.png,Microsoft
word_831.png,Windows
word_832.png,Windows
word_833.png,SALE
word_834.png,Everything
word_835.png,you
word_836.png,need
word_837.png,plan
word_838.png,your
word_839.png,next
word_840.png,trip
word_841.png,The
word_842.png,New
word_843.png,York
word_844.png,Times
word_845.png,Travel
word_846.png,Show
word_847.png,Jacob
word_848.png,Javits
word_849.png,Convention
word_850.png,Center
word_851.png,The
word_852.png,New
word_853.png,York
word_854.png,Times
word_855.png,PRESENTED
word_856.png,AMERICAN
word_857.png,EXPRESS
word_858.png,TRAVEL
word_859.png,SHOW
word_860.png,FEBRUARY
word_861.png,26-28
word_862.png,nytimes.com/travelshow
word_863.png,Designo
word_864.png,MS246H
word_865.png,Love
word_866.png,First
word_867.png,Sight
word_868.png,UL30A
word_869.png,Stunningly
word_870.png,Ligh
word_872.png,Beautiful
word_873.png,Eee
word_874.png,T91MT
word_875.png,Eee
word_876.png,Touch
word_877.png,first
word_878.png,ever
word_879.png,Multi-touch!
word_880.png,PlayStation
word_881.png,Network
word_882.png,MVP
word_883.png,FUN
word_884.png,NIGHT
word_885.png,Networks
word_886.png,for
word_887.png,Today's
word_888.png,Business
word_889.png,First
word_890.png,choice
word_891.png,for
word_892.png,large
word_893.png,enterprises
word_894.png,worldwide
word_895.png,H3C
word_897.png,and
word_898.png,Tipping
word_899.png,Point
word_900.png,networking
word_901.png,solutions.
word_902.png,Watch
word_903.png,video
word_904.png,Forbes
word_905.png,Featured
word_906.png,Articles
word_907.png,Learn
word_908.png,more
word_909.png,Podcast
word_910.png,interview
word_911.png,with
word_912.png,Ron
word_913.png,Seg
word_915.png,President
word_916.png,and
word_917.png,COO
word_918.png,Extending
word_919.png,Value
word_920.png,Large
word_921.png,Enterprises
word_922.png,Listen
word_923.png,now
word_924.png,BIG
word_925.png,FUN
word_926.png,TINY
word_927.png,PACKAGES
word_928.png,Introducing
word_929.png,the
word_930.png,Mini
word_931.png,210
word_932.png,endless
word_933.png,possibilitie
word_935.png,you.
word_936.png,Shop
word_937.png,now
word_938.png,THE
word_939.png,COMPUTER
word_940.png,PERSONAL
word_941.png,AGAIN.
word_942.png,UNIVERSITY
word_943.png,LIVERPOOL
word_944.png,Lotus
word_945.png,knows:
word_946.png,collaborate
word_947.png,the
word_948.png,cloud
word_949.png,Learn
word_950.png,more
word_951.png,NEW
word_952.png,STUDENT
word_953.png,MEMBERSHIP
word_954.png,PACKAGE
word_955.png,JOB
word_956.png,SEEKERS
word_957.png,APPLY
word_958.png,JOBS.
word_959.png,POST
word_960.png,YOUR
word_961.png,RESUM
word_963.png,SET
word_964.png,JOB
word_965.png,ALERTS.
word_966.png,careers.computer.org
word_967.png,Look
word_968.png,something
word_969.png,here
word_970.png,find
word_971.png,out
word_972.png,more
word_973.png,about
word_974.png,from
word_975.png,sources
word_976.png,like
word_977.png,Wikipedi
word_979.png,and
word_980.png,Google
word_981.png,Maps.
word_982.png,WWF
word_983.png,Climate
word_984.png,Shame
word_985.png,follow
word_986.png,tweets
word_987.png,about
word_988.png,Coca-Cola
word_989.png,Bic
word_990.png,STATIONERY
word_991.png,LIGHTERS
word_992.png,SHAVERS
word_993.png,CORPORATE
word_994.png,INVESTOR
word_995.png,RELATIONS
word_996.png,HUMAN
word_997.png,RESOURCES
word_998.png,CONTACT
word_999.png,FRANCAIS
word_1000.png,bookings
word_1001.png,booking
word_1002.png,Frequent
word_1003.png,flyer
word_1004.png,card
word_1005.png,Seat
word_1006.png,Special
word_1007.png,meals
word_1008.png,Visa/APIS
word_1009.png,data
word_1010.png,Cancellation
word_1011.png,ALL
word_1012.png,STAR
word_1013.png,Mobile
word_1014.png,PRESENTS
word_1015.png,VOTE
word_1016.png,FOR
word_1017.png,YOUR
word_1018.png,2010
word_1019.png,NBA
word_1020.png,ALL
word_1021.png,STARS
word_1022.png,VOTE
word_1023.png,NOW
word_1024.png,FOR
word_1025.png,CHANCE
word_1026.png,WIN
word_1027.png,THE
word_1028.png,NBA
word_1029.png,2K10
word_1030.png,SWEEPSTAKES
word_1031.png,purchase
word_1032.png,necessary.
word_1033.png,Void
word_1034.png,where
word_1035.png,prohibited.
word_1036.png,End:
word_1037.png,1/18/10.
word_1038.png,MORE
word_1039.png,TEAM
word_1041.png,PLAYER
word_1043.png,FANTASY
word_1044.png,UEFA
word_1045.png,Europa
word_1046.png,League
word_1047.png,Fantasy
word_1048.png,Football
word_1049.png,Grocery
word_1050.png,Superstore
word_1051.png,Tesco
word_1052.png,Personal
word_1053.png,Finance
word_1054.png,Tesco
word_1055.png,Diets
word_1056.png,lose
word_1057.png,stone
word_1058.png,weeks
word_1059.png,TESCO
word_1060.png,mobile
word_1061.png,Double
word_1062.png,Value
word_1063.png,Top
word_1064.png,Ups
word_1065.png,ALWAYS
word_1066.png,HALF
word_1067.png,PRICE
word_1068.png,HALF
word_1069.png,PRICE
word_1070.png,OLD
word_1071.png,Pas
word_1072.png,Enchiladas
word_1073.png,Nestle
word_1074.png,Shre
word_1075.png,Old
word_1076.png,Paso
word_1077.png,Enchilada
word_1078.png,Dinner
word_1079.png,Kit
word_1080.png,620g
word_1081.png,Was
word_1082.png,3.49
word_1083.png,Now
word_1084.png,€ 1.74
word_1085.png,Nestle
word_1086.png,Shreddies
word_1087.png,500g
word_1088.png,Was
word_1089.png,€ 2.49
word_1090.png,Now
word_1091.png,€ 1.24
word_1092.png,New
word_1093.png,Year
word_1094.png,Savers
word_1095.png,www.tesco.ie
word_1096.png,Start
word_1097.png,Shopping
word_1098.png,50%
word_1099.png,off
word_1100.png,entire
word_1101.png,stock
word_1102.png,furniture
word_1103.png,mattress
word_1104.png,sale
word_1105.png,shop
word_1106.png,online
word_1107.png,plu
word_1109.png,wide
word_1110.png,selection
word_1111.png,rugs
word_1112.png,STYLE
word_1113.png,STOCK
word_1114.png,get
word_1115.png,basics
word_1116.png,make
word_1117.png,every
word_1118.png,day
word_1119.png,extraordinary
word_1120.png,BRA
word_1121.png,FIT
word_1122.png,EVENT
word_1123.png,buy
word_1124.png,on
word_1126.png,one
word_1127.png,50%
word_1128.png,off
word_1129.png,ambriell
word_1132.png,and
word_1133.png,more
word_1134.png,Amazing
word_1135.png,telly
word_1136.png,you
word_1137.png,can't
word_1138.png,miss
word_1139.png,Catch
word_1140.png,with
word_1141.png,ITV
word_1142.png,Player
word_1143.png,itv
word_1144.png,Player
word_1145.png,itv
word_1146.png,Player
word_1147.png,Amazing
word_1148.png,telly
word_1149.png,you
word_1150.png,can't
word_1151.png,miss
word_1152.png,Catch
word_1153.png,with
word_1154.png,ITV
word_1155.png,Player
word_1156.png,alli
word_1157.png,Save
word_1158.png,£15
word_1159.png,alli
word_1160.png,weight
word_1161.png,loss
word_1162.png,aid
word_1163.png,60mg
word_1164.png,pack
word_1165.png,Keep
word_1166.png,your
word_1167.png,new
word_1168.png,start
word_1169.png,going
word_1170.png,Follow
word_1171.png,reduced
word_1172.png,calori
word_1174.png,fat
word_1175.png,diet.
word_1176.png,For
word_1177.png,overweight
word_1178.png,adults
word_1179.png,with
word_1180.png,BMI
word_1181.png,over.
word_1182.png,Always
word_1183.png,read
word_1184.png,the
word_1185.png,label.
word_1186.png,Plus
word_1187.png,money
word_1188.png,off
word_1189.png,coupons
word_1190.png,worth
word_1191.png,£15
word_1192.png,alli
word_1193.png,60mg
word_1194.png,hard
word_1195.png,capsules
word_1196.png,oristat
word_1197.png,weight
word_1198.png,loss
word_1199.png,aid
word_1200.png,can
word_1201.png,help
word_1202.png,you
word_1203.png,lose
word_1204.png,more
word_1205.png,weight
word_1206.png,than
word_1207.png,dieting
word_1208.png,alone
word_1209.png,alli
word_1210.png,hard
word_1211.png,capsules
word_1212.png,01-Feb
word_1213.png,price
word_1214.png,sale
word_1215.png,selected
word_1216.png,lines
word_1217.png,while
word_1218.png,stocks
word_1219.png,last
word_1220.png,Now
word_1221.png,with
word_1222.png,even
word_1223.png,more
word_1224.png,toys
word_1225.png,Take
word_1226.png,care.
word_1227.png,GARNIER
word_1228.png,New
word_1229.png,Caffeine
word_1230.png,Anti-dark
word_1231.png,Circles
word_1232.png,2-in-1
word_1233.png,Eye
word_1234.png,Roll-on
word_1235.png,for
word_1236.png,New
word_1237.png,Web
word_1238.png,Symptom
word_1239.png,checker
word_1240.png,Click
word_1241.png,here
word_1242.png,get
word_1243.png,started
word_1244.png,Web
word_1245.png,Free
word_1246.png,delivery
word_1247.png,orders
word_1248.png,over
word_1249.png,£40
word_1250.png,exclusions
word_1251.png,apply
word_1252.png,Boots
word_1253.png,advantage
word_1254.png,card
word_1255.png,time
word_1256.png,treat
word_1257.png,yourself
word_1258.png,Advantage
word_1259.png,Card
word_1260.png,Collect
word_1261.png,points
word_1262.png,per
word_1263.png,£1
word_1264.png,Click
word_1265.png,here
word_1266.png,sign
word_1267.png,today
word_1268.png,Area
word_1269.png,Information
word_1270.png,Welfare
word_1271.png,RAF
word_1272.png,Comrade
word_1273.png,Contact
word_1274.png,ROYAL
word_1275.png,AIR
word_1276.png,FORCES
word_1277.png,Association
word_1278.png,Friendship
word_1279.png,Help
word_1280.png,Support
word_1281.png,Donations
word_1282.png,Membership
word_1283.png,Stratford
word_1284.png,upon
word_1285.png,Avon
word_1286.png,...a
word_1287.png,delightful
word_1288.png,surprise
word_1289.png,the
word_1290.png,heart
word_1291.png,England
word_1292.png,Watch
word_1293.png,Listen
word_1294.png,Join
word_1295.png,Revenue
word_1296.png,KING
word_1297.png,COWELL'S
word_1298.png,£1
word_1299.png,BILLION
word_1300.png,EMPIRE
word_1301.png,CHELSEA
word_1302.png,FOOTBALL
word_1303.png,CLUB
word_1304.png,TICKET
word_1305.png,Anything's
word_1306.png,Possible.
word_1307.png,Keep
word_1308.png,Thinking.
word_1309.png,Visit
word_1310.png,InventNow.org
word_1311.png,Award
word_1312.png,winning
word_1313.png,broadband
word_1314.png,Total
word_1315.png,Broadband
word_1316.png,gives
word_1317.png,you
word_1318.png,more
word_1319.png,standard
word_1320.png,The
word_1321.png,best
word_1322.png,speed
word_1323.png,available
word_1324.png,your
word_1325.png,line
word_1326.png,unbeatable
word_1327.png,wireless
word_1328.png,connection
word_1329.png,Freephone
word_1330.png,broadband
word_1331.png,suppor
word_1333.png,Learn
word_1334.png,more
word_1335.png,from
word_1336.png,£7.99
word_1337.png,month
word_1338.png,from
word_1339.png,£0
word_1340.png,month
word_1341.png,from
word_1342.png,£7.99
word_1343.png,month
word_1344.png,from
word_1345.png,£7.50
word_1346.png,month
word_1347.png,Google
word_1348.png,Vodafone
word_1349.png,360
word_1350.png,Bringing
word_1351.png,your
word_1352.png,world
word_1353.png,together
word_1354.png,Find
word_1355.png,out
word_1356.png,more
word_1357.png,power
word_1358.png,you
word_1359.png,laptop
word_1360.png,for
word_1361.png,them
word_1362.png,and
word_1363.png,dongle
word_1364.png,for
word_1365.png,you
word_1366.png,from
word_1367.png,just
word_1368.png,£4.89
word_1369.png,month
word_1370.png,£4.89
word_1371.png,Abbey
word_1372.png,Road
word_1373.png,SOUNDCLOUD
word_1374.png,HOSPITALITY
word_1375.png,MAN
word_1376.png,UTD
word_1377.png,MILAN
word_1378.png,UEFA
word_1379.png,Champions
word_1380.png,League
word_1381.png,MAR/
word_1382.png,K.O.
word_1383.png,7.45PM
word_1384.png,PREMIER
word_1385.png,LEAGUE
word_1386.png,MATCH
word_1387.png,TICKETS
word_1388.png,HOSPITALITY
word_1389.png,NOW
word_1390.png,AVAILABLE
word_1391.png,MAN
word_1392.png,UTD
word_1393.png,HULL
word_1394.png,CITY
word_1395.png,JANUARY
word_1396.png,2010
word_1397.png,K.O.
word_1398.png,3.00PM
word_1399.png,BUY
word_1400.png,NOW
word_1401.png,Thomas
word_1402.png,Cook
word_1403.png,Sport
word_1404.png,ARSENAL
word_1405.png,MATCH
word_1406.png,BREAKS
word_1407.png,MATCH
word_1408.png,TICKET
word_1409.png,FROM
word_1410.png,ONLY
word_1411.png,£119*
word_1412.png,CLICK
word_1413.png,HERE
word_1414.png,*Terms
word_1415.png,conditions
word_1416.png,apply
word_1417.png,Next
word_1418.png,Match
word_1419.png,ARMOURY
word_1420.png,SQUARE
word_1421.png,FOREVER
word_1422.png,ARSENAL
word_1423.png,ARTISTS
word_1424.png,IMPRESSION
word_1425.png,FANS
word_1426.png,LEGENDS
word_1427.png,TOGETHER.
word_1428.png,FOREVER
word_1429.png,ARSENAL
word_1430.png,Your
word_1431.png,messag
word_1433.png,stone
word_1434.png,Armoury
word_1435.png,Square
word_1436.png,DOWNLOAD
word_1437.png,THE
word_1438.png,NEW
word_1439.png,AWAY
word_1440.png,KIT
word_1441.png,ANIMATION
word_1442.png,DOWNLOAD
word_1443.png,NOW
word_1444.png,Emirates
word_1445.png,SHOT
word_1446.png,THE
word_1447.png,DAY
word_1448.png,CLICK
word_1449.png,MORE
word_1450.png,Ice
word_1451.png,Rink
word_1452.png,Ends
word_1453.png,January
word_1454.png,2010
word_1455.png,Book
word_1456.png,tickets
word_1457.png,online
word_1458.png,Last
word_1459.png,chance
word_1460.png,See
word_1461.png,the
word_1462.png,Staffordshire
word_1463.png,Hoard
word_1464.png,The
word_1465.png,Potteries
word_1466.png,Museum
word_1467.png,Art
word_1468.png,Gallery
word_1469.png,February
word_1470.png,March
word_1471.png,IMPERIAL
word_1472.png,WAR
word_1473.png,MUSEUM
word_1474.png,IMPERIAL
word_1475.png,WAR
word_1476.png,MUSEUM
word_1477.png,LONDON
word_1478.png,IMPERIAL
word_1479.png,WAR
word_1480.png,MUSEUM
word_1481.png,DUXFORD
word_1482.png,IMPERIAL
word_1483.png,WAR
word_1484.png,MUSEUM
word_1485.png,NORTH
word_1486.png,HMS
word_1487.png,BELFAST
word_1488.png,CHURCHILL
word_1489.png,MUSEUM
word_1490.png,and
word_1491.png,CABINET
word_1492.png,WAR
word_1493.png,ROOMS
word_1494.png,COLLECTIONS
word_1495.png,NASA
word_1496.png,KIDS'
word_1497.png,CLUB
word_1498.png,Play
word_1499.png,Fun
word_1500.png,Games
word_1501.png,FREE
word_1502.png,SPIRIT
word_1503.png,NASA
word_1504.png,HELP
word_1505.png,for
word_1506.png,HAITI
word_1507.png,Learn
word_1508.png,What
word_1509.png,You
word_1510.png,Can
word_1511.png,port
word_1512.png,Port-au-Prince
word_1513.png,September
word_1514.png,2008
word_1515.png,January
word_1516.png,2010
word_1517.png,museum
word_1518.png,ROYAL
word_1519.png,AIR
word_1520.png,FORCE
word_1521.png,FREE
word_1522.png,ENTRY
word_1523.png,COSFORD
word_1524.png,LONDON
word_1525.png,WOMEN
word_1526.png,the
word_1527.png,Air
word_1528.png,Force
word_1529.png,RAF
word_1530.png,museum
word_1531.png,NATIONAL
word_1532.png,COLD
word_1533.png,WAR
word_1534.png,EXHIBITION
word_1535.png,RAF
word_1536.png,STATION
word_1537.png,HELIOPOLIS
word_1538.png,MERRY
word_1539.png,XMAS
word_1540.png,all
word_1541.png,museum
word_1542.png,HELP
word_1543.png,for
word_1544.png,HAITI
word_1545.png,THE
word_1546.png,RECOVERY
word_1547.png,ACT
word_1548.png,ROAD
word_1549.png,MAP
word_1550.png,RECOVERY
word_1551.png,Know
word_1552.png,what
word_1553.png,about
word_1554.png,the
word_1555.png,flu.
word_1556.png,VISIT
word_1557.png,FLU.GOV
word_1558.png,The
word_1559.png,Gurkhas
word_1560.png,Operation
word_1561.png,Market
word_1562.png,Garden
word_1563.png,First
word_1564.png,Shots
word_1565.png,Black
word_1566.png,Asian
word_1567.png,British
word_1568.png,Army
word_1569.png,YOU
word_1570.png,WANT
word_1571.png,ROVE?
word_1572.png,VAUXHALL
word_1573.png,GOVERNMENT
word_1574.png,SCRAPPAGE
word_1575.png,PROGRAMME
word_1576.png,Find
word_1577.png,out
word_1578.png,more
word_1579.png,ASTRA
word_1580.png,Introducing
word_1581.png,the
word_1582.png,All
word_1583.png,New
word_1584.png,Vauxhall
word_1585.png,Astra
word_1586.png,Find
word_1587.png,out
word_1588.png,more
word_1589.png,plan
word_1590.png,your
word_1591.png,journe
word_1593.png,the
word_1594.png,traffic
word_1595.png,join
word_1596.png,the
word_1597.png,Driver's
word_1598.png,Centre
word_1599.png,ALFA
word_1600.png,ROMEO
word_1601.png,BMW
word_1602.png,model
word_1603.png,range
word_1604.png,Build
word_1605.png,Your
word_1606.png,BMW
word_1607.png,Find
word_1608.png,Approved
word_1609.png, Used
word_1610.png,BMW
word_1611.png,Corporate
word_1612.png,Sales
word_1613.png,JOY
word_1614.png,CAN
word_1615.png,COUNTED
word_1616.png,Download
word_1617.png,BMW
word_1618.png,Clock
word_1619.png,CADILLAC
word_1620.png,BLS
word_1621.png,Our
word_1622.png,Goal
word_1623.png,was
word_1624.png,create
word_1625.png,the
word_1626.png,finest
word_1627.png,mid-size
word_1628.png,performance
word_1629.png,car
word_1630.png,the
word_1631.png,European
word_1632.png,market.
word_1633.png,The
word_1634.png,result
word_1635.png,car
word_1636.png,intelligent
word_1637.png,beautiful
word_1638.png,BLS
word_1639.png,uses
word_1640.png,cutting
word_1641.png,edge
word_1642.png,technology
word_1643.png,give
word_1644.png,its
word_1645.png,style
word_1646.png,TRUE
word_1647.png,purpose:
word_1648.png,the
word_1649.png,dynamic
word_1650.png,driving
word_1651.png,and
word_1652.png,generous
word_1653.png,comfort
word_1654.png,TRUE
word_1655.png,Cadillac.
word_1656.png,Visit
word_1657.png,the
word_1658.png,Cadillac
word_1659.png,Media
word_1660.png,Site
word_1661.png,for
word_1662.png,more
word_1663.png,technical
word_1664.png,information
word_1665.png,about
word_1666.png,our
word_1667.png,products.
word_1668.png,CONTACT
word_1669.png,ONLINE
word_1670.png,TUTORIAL
word_1671.png,from
word_1672.png,IEEE
word_1673.png,Communications
word_1674.png,Society
word_1675.png,www.comsoc.org/freetutorials
word_1676.png,FREE
word_1677.png,ACCESS
word_1678.png,FOR
word_1679.png,LIMITED
word_1680.png,TIME
word_1681.png,ONLY
word_1682.png,FREE
word_1683.png,Tutorials
word_1684.png,Now
word_1685.png,RACING
word_1686.png,AGAINST
word_1687.png,TIME
word_1688.png,new
word_1689.png,fil
word_1691.png,playing
word_1692.png,dreams.honda.com
word_1693.png,WATCH
word_1694.png,SHORT
word_1695.png,FILM
word_1696.png,NORTH
word_1697.png,AMERICAN
word_1698.png,INTERNATIONAL
word_1699.png,AUTO
word_1700.png,SHOW
word_1701.png,FOLLOW
word_1702.png,THE
word_1703.png,LINCOLN
word_1704.png,ACTION
word_1705.png,TECHNOLOGICALLY
word_1706.png,BREATHTAKING
word_1707.png,2010
word_1708.png,LINCOLN
word_1709.png,MKS
word_1710.png,SYNC
word_1711.png,Microsoft
word_1712.png,SAY
word_1713.png,THE
word_1714.png,WORD.
word_1715.png,MASERATI
word_1716.png,EXCELLENCE
word_1717.png,THROUGH
word_1718.png,PASSION
word_1719.png,Distributor
word_1720.png,List
word_1721.png,Your
word_1722.png,country
word_1723.png,not
word_1724.png,listed
word_1725.png,the
word_1726.png,left?
word_1727.png,Click
word_1728.png,your
word_1729.png,area
word_1730.png,the
word_1731.png,map.
word_1732.png,WWW
word_1733.png,Enthusiasts
word_1734.png,www.morgan100
word_1735.png,St.
word_1736.png,Richard'
word_1737.png,Hospice
word_1738.png,LATEST
word_1739.png,NEWS...
word_1740.png,AERO
word_1741.png,04-Apr
word_1742.png,and
word_1743.png,ROADSTER
word_1744.png,SEATER
word_1745.png,AERO
word_1746.png,AEROMAX
word_1747.png,LIFE
word_1748.png,CAR
word_1749.png,SUPERSPORT
word_1750.png,SUPER
word_1751.png,SPORTS
word_1752.png,TOP
word_1753.png,SAFETY
word_1754.png,PICK
word_1755.png,2010
word_1756.png,The
word_1757.png,only
word_1758.png,manufacturer
word_1759.png,with
word_1760.png,2010
word_1761.png,IIHS
word_1762.png,Top
word_1763.png,Safety
word_1764.png,Picks
word_1765.png,for
word_1766.png,all
word_1767.png,models.
word_1768.png,INSURANCE
word_1769.png,INSTITUTE
word_1770.png,FOR
word_1771.png,HIGHWAY
word_1772.png,SAFETY
word_1773.png,2010
word_1774.png,SUBARU
word_1775.png,LEGACY
word_1776.png,2010
word_1777.png,SUBARU
word_1778.png,TRIBECA
word_1779.png,2010
word_1780.png,SUBARU
word_1781.png,IMPREZA
word_1782.png,2010
word_1783.png,SUBARU
word_1784.png,OUTBACK
word_1785.png,2010
word_1786.png,SUBARU
word_1787.png,FORESTER
word_1788.png,GUARANTEED
word_1789.png,TOP
word_1790.png,SAFETY
word_1791.png,PICK
word_1792.png,2010
word_1793.png,SUBARU
word_1794.png,share
word_1795.png,the
word_1796.png,love
word_1797.png,EVENT
word_1798.png,NEWCASTLE
word_1799.png,UNITED
word_1800.png,nufc.co.uk
word_1801.png,THE
word_1802.png,OFFICIAL
word_1803.png,CLUB
word_1804.png,SITE
word_1805.png,ENTER
word_1806.png,SITE
word_1807.png,BOX
word_1808.png,OFFI
word_1809.png,TICKETS
word_1810.png,WATCH
word_1811.png,THE
word_1812.png,MAGPIES
word_1813.png,ACTION
word_1814.png,STADIUM
word_1815.png,TOURS
word_1816.png,BRINGING
word_1817.png,YOU
word_1818.png,CLOSER
word_1819.png,HOSPITALITY
word_1820.png,NEW
word_1821.png,PACKAGES
word_1822.png,FOR
word_1823.png,2009/2010
word_1824.png,FESTIVE
word_1825.png,EVENTS
word_1826.png,XMAS
word_1827.png,NYE
word_1828.png,PARTIES
word_1829.png,NEW
word_1830.png,2009/10
word_1831.png,e-Catalogue
word_1832.png,CLICK
word_1833.png,HERE
word_1834.png,DOWNLOAD
word_1835.png,YOUR
word_1836.png,COPY
word_1837.png,NOW!
word_1838.png,Corona
word_1839.png,Extra
word_1840.png,relax
word_1841.png,responsibly
word_1842.png,GET
word_1843.png,LOCKED
word_1844.png,NOW
word_1845.png,2010
word_1846.png,SEASON
word_1847.png,TICKETS
word_1848.png,LIVERPOOL
word_1849.png,EMPIRE
word_1850.png,THEATRE
word_1851.png,LIVE
word_1852.png,NATION
word_1853.png,venue
word_1854.png,academy
word_1855.png,Welcome
word_1856.png,Bank
word_1857.png,Scotland
word_1858.png,COMING
word_1859.png,SOON
word_1860.png,We're
word_1861.png,redesigning
word_1862.png,our
word_1863.png,site
word_1864.png,Find
word_1865.png,out
word_1866.png,more
word_1867.png,Financial
word_1868.png,Stability
word_1869.png,Report
word_1870.png,December
word_1871.png,2009
word_1872.png,Bank
word_1873.png,EURO
word_1874.png,EUROPEAN
word_1875.png,CENTRAL
word_1876.png,BANK
word_1877.png,EUROSYSTEM
word_1878.png,€
word_1879.png,barclaycard
word_1880.png,Platinum
word_1881.png,4929
word_1882.png,4012
word_1883.png,3456
word_1884.png,7008
word_1885.png,11-Aug
word_1886.png,Nov-14
word_1887.png,STEPHENS
word_1888.png,VISA
word_1889.png,Barclaycard
word_1890.png,Platinum
word_1891.png,interest
word_1892.png,balance
word_1893.png,transfers
word_1894.png,until
word_1895.png,February
word_1896.png,2011
word_1897.png,(2.5%
word_1898.png,handling
word_1899.png,fee
word_1900.png,applies).
word_1901.png,14.90%
word_1902.png,APR
word_1903.png,typical
word_1904.png,(variable)
word_1905.png,Find
word_1906.png,out
word_1907.png,more
word_1908.png,GIVE
word_1909.png,YOU
word_1910.png,£5
word_1911.png,EACH
word_1912.png,MONTH
word_1913.png,The
word_1914.png,Halifax
word_1915.png,Reward
word_1916.png,Current
word_1917.png,Account.
word_1918.png,Just
word_1919.png,pay
word_1920.png,£
word_1921.png,each
word_1922.png,month.
word_1923.png,Find
word_1924.png,out
word_1925.png,more
word_1926.png,"\""HIGHER"
word_1927.png,SAVINGS
word_1928.png,"RATES\"""
word_1929.png,reward
word_1930.png,for
word_1931.png,our
word_1932.png,current
word_1933.png,account
word_1934.png,customers.
word_1935.png,Find
word_1936.png,out
word_1937.png,more
word_1938.png,Our
word_1939.png,Bank
word_1940.png,Managers
word_1941.png,are
word_1942.png,here
word_1943.png,help
word_1944.png,you
word_1945.png,Their
word_1946.png,specialist
word_1947.png,subject
word_1948.png,money
word_1949.png,Find
word_1950.png,out
word_1951.png,more
word_1952.png,Special
word_1953.png,Offer
word_1954.png,Fixed
word_1955.png,Rate
word_1956.png,Saver
word_1957.png,4.25%
word_1958.png,AER/Gross
word_1959.png,For
word_1960.png,HSBC
word_1961.png,Plus
word_1962.png,and
word_1963.png,HSBC
word_1964.png,Premier
word_1965.png,customers
word_1966.png,Find
word_1967.png,out
word_1968.png,more
word_1969.png,Special
word_1970.png,Offer
word_1971.png,HSBC
word_1972.png,Passport
word_1973.png,£6
word_1974.png,month
word_1975.png,for
word_1976.png,the
word_1977.png,first
word_1978.png,months
word_1979.png,Find
word_1980.png,out
word_1981.png,more
word_1982.png,Sale
word_1983.png,now
word_1984.png,Make
word_1985.png,prosperous
word_1986.png,start
word_1987.png,2010
word_1988.png,Find
word_1989.png,out
word_1990.png,more
word_1991.png,Welcome
word_1992.png,Ulster
word_1993.png,Bank
word_1994.png,Customer
word_1995.png,Service
word_1996.png,Review
word_1997.png,Make
word_1998.png,your
word_1999.png,money
word_2000.png,work
word_2001.png,harder
word_2002.png,Book
word_2003.png,appointment
word_2004.png,today
word_2005.png,Levi's
word_2006.png,LEVI'S
word_2007.png,RED
word_2008.png,TAB
word_2009.png,JEANS
word_2010.png,WALK
word_2011.png,INTO
word_2012.png,THE
word_2013.png,WILD
word_2014.png,LIVE
word_2015.png,UNBUTTONED.
word_2016.png,Levi's
word_2017.png,501
word_2018.png,LEVI'S
word_2019.png,ENGINEERED
word_2020.png,JEANS
word_2021.png,LEVI'S
word_2022.png,VINTAGE
word_2023.png,CLOTHING
word_2024.png,New
word_2025.png,2009
word_2026.png,FALL
word_2027.png,WINTER
word_2028.png,COLLECTION
word_2029.png,YOU.
word_2030.png,AUTOMATIC
word_2031.png,CreArt
word_2032.png,swatch
word_2033.png,Street
word_2034.png,"\""CLuB\"""
word_2035.png,It's
word_2036.png,more
word_2037.png,than
word_2038.png,watc
word_2040.png,community
word_2041.png,VIEW
word_2042.png,ONLINE
word_2043.png,SHOP
word_2044.png,GET
word_2045.png,YOUR
word_2046.png,FAVOURITE
word_2047.png,SWATCH
word_2048.png,BUY
word_2049.png,ONLINE
word_2050.png,Fender
word_2051.png,Touch
word_2052.png,Fender
word_2053.png,LIMITED
word_2054.png,EDITION
word_2055.png,Fender
word_2056.png,WORLD
word_2057.png,WIDE
word_2058.png,BAND
word_2059.png,JAM
word_2060.png,POWERED
word_2061.png,eJAMMING'AUDiiO
word_2062.png,Celebrate
word_2063.png,the
word_2064.png,New
word_2065.png,Year!
word_2066.png,2010%
word_2067.png,off
word_2068.png,all
word_2069.png,merchandise*
word_2070.png,*some
word_2071.png,restrictions
word_2072.png,apply
word_2073.png,2010
word_2074.png,International
word_2075.png,CES
word_2076.png,eco
word_2077.png,ideas
word_2078.png,net
word_2079.png,International
word_2080.png,CES
word_2081.png,RAVENS
word_2082.png,CALL
word_2083.png,E-NEWS
word_2084.png,UPDATES
word_2085.png,NFL
word_2086.png,OFFICIAL
word_2087.png,NFL
word_2088.png,GEAR
word_2089.png,REED
word_2090.png,Andre
word_2091.png,Reed
word_2092.png,REPLICA
word_2093.png,JERSEY
word_2094.png,$144.00
word_2095.png,Buy
word_2096.png,Now!
word_2097.png,Daily
word_2098.png,Bills
word_2099.png,Buzz
word_2100.png,Sign
word_2101.png,receive
word_2102.png,Bills
word_2103.png,news
word_2104.png,your
word_2105.png,inbox
word_2106.png,donate
word_2107.png,Haiti
word_2108.png,relief
word_2109.png,2010
word_2110.png,SEASON
word_2111.png,TICKETS
word_2112.png,Learn
word_2113.png,More
word_2114.png,BENNETT
word_2115.png,CHANDLER
word_2116.png,Delivered
word_2117.png,at&t
word_2118.png,DALLAS
word_2119.png,COWBOYS
word_2120.png,DALLASCOWBOYS.COM
word_2121.png,Miller
word_2122.png,Lite
word_2123.png,IT'S
word_2124.png,TIME
word_2125.png,LOVE
word_2126.png,THE
word_2127.png,TASTE
word_2128.png,YOUR
word_2129.png,BEER
word_2130.png,TASTE
word_2131.png,GREATNESS
word_2132.png,Become
word_2133.png,Fan
word_2134.png,GREAT
word_2135.png,BEER
word_2136.png,GREAT
word_2137.png,RESPONSIBILITY
word_2138.png,2010
word_2139.png,Miler
word_2140.png,Brewing
word_2141.png,Co.
word_2142.png,Milwaukee
word_2143.png,LIBERTY
word_2144.png,Ford
word_2145.png,NORTHEAST
word_2146.png,OHIO'S
word_2147.png,FORD
word_2148.png,DEALER
word_2149.png,GROUP
word_2150.png,Ford
word_2151.png,CLEVELAND
word_2152.png,BROWNS
word_2153.png,2010
word_2154.png,SEASON
word_2155.png,TICKETS
word_2156.png,RESERVE
word_2157.png,YOURS
word_2158.png,TODAY
word_2159.png,440-824-3434
word_2160.png,MORE
word_2161.png,INFO
word_2162.png,VISA
word_2163.png,2010
word_2164.png,DETROIT
word_2165.png,LIONS
word_2166.png,SEASON
word_2167.png,TICKET
word_2168.png,DEPOSITS
word_2169.png,313-262-2010
word_2170.png,2010
word_2171.png,HOME
word_2172.png,OPPONENTS
word_2173.png,THREE
word_2174.png,GAME
word_2175.png,TICKET
word_2176.png,PACKAGES
word_2177.png,START
word_2178.png,$40
word_2179.png,CALL
word_2180.png,313-262-2111
word_2181.png,TICKETS
word_2182.png,CHIEFS
word_2183.png,ACCOUNT
word_2184.png,SEASON
word_2185.png,TICKETS
word_2186.png,CLUB
word_2187.png,LEVEL
word_2188.png,SEATING
word_2189.png,GROUP
word_2190.png,TICKETS
word_2191.png,VIP
word_2192.png,PACKAGES
word_2193.png,FIND
word_2194.png,YOUR
word_2195.png,SEAT
word_2196.png,INDIVIDUAL
word_2197.png,GAMES
word_2198.png,KANSAS
word_2199.png,CITY
word_2200.png,CHIEFS
word_2201.png,SPECIAL
word_2202.png,OFFERS
word_2203.png,AND
word_2204.png,NEWS
word_2205.png,FROM
word_2206.png,THE
word_2207.png,CHIEFS
word_2208.png,SPONSORED
word_2209.png,FREE
word_2210.png,WEBINAR
word_2211.png,Advanced
word_2212.png,Agile:
word_2213.png,Beyond
word_2214.png,the
word_2215.png,Low
word_2216.png,Hanging
word_2217.png,Fruit
word_2218.png,Date:
word_2219.png,Wednesda
word_2221.png,02:00
word_2222.png,Mary
word_2223.png,Poppendieck
word_2224.png,MKS
word_2225.png,COMPUTER.ORG/WEBINARS/AGILE2
word_2226.png,expansys
word_2227.png,334.99 €
word_2228.png,164.99 €
word_2229.png,2010
word_2230.png,Paying
word_2231.png,Get
word_2232.png,onto
word_2233.png,Google
word_2234.png,easyJet.com
word_2235.png,Come
word_2236.png,o
word_2238.png,fly!
word_2239.png,Find
word_2240.png,out
word_2241.png,more
word_2242.png,FAQ's
word_2243.png,Contact
word_2244.png,Terms
word_2245.png,and
word_2246.png,Conditions
word_2247.png,Springer
word_2248.png,Springer
word_2249.png,Alerts
word_2250.png,Apartment
word_2251.png,Deals
word_2252.png,The
word_2253.png,Smarter
word_2254.png,Accommodation
word_2255.png,Alternatve
word_2256.png,UK:
word_2257.png,0-845
word_2258.png,6800848
word_2259.png,IRE:
word_2260.png,-6776248
word_2261.png,USA/CANADA:
word_2262.png,1-800-789-8734
word_2263.png,info@staycity.com
word_2264.png,stay
word_2265.png,City
word_2266.png,.com
word_2267.png,stayDublin.com
word_2268.png,Bed
word_2269.png,Apts
word_2270.png,from
word_2271.png,€ 65
word_2272.png,per
word_2273.png,night
word_2274.png,(sleeps
word_2275.png,Bed
word_2276.png,Apts
word_2277.png,from
word_2278.png,€ 85
word_2279.png,per
word_2280.png,night
word_2281.png,(sleeps
word_2282.png,Bed
word_2283.png,Apts
word_2284.png,from
word_2285.png,€ 120
word_2286.png,per
word_2287.png,night
word_2288.png,(sleeps
word_2289.png,RECEPTION
word_2290.png,24-Jul
word_2291.png,SETANTA
word_2292.png,SPORTS
word_2293.png,WiFi
word_2294.png,10%
word_2295.png,OFF
word_2296.png,ALL
word_2297.png,STAYS
word_2298.png,Book
word_2299.png,dates
word_2300.png,Tue
word_2301.png,11-18th
word_2302.png,Jan
word_2303.png,2010
word_2304.png,Stay
word_2305.png,date
word_2306.png,Jan
word_2307.png,March
word_2308.png,2010
word_2309.png,Book
word_2310.png,Now
word_2311.png,stayAmsterdam.com
word_2312.png,Studios
word_2313.png,from
word_2314.png,€ 59
word_2315.png,per
word_2316.png,night
word_2317.png,(sleeps
word_2318.png,35%
word_2319.png,discounts
word_2320.png,stays
word_2321.png,Jan
word_2322.png,and
word_2323.png,Feb
word_2324.png,Book
word_2325.png,now
word_2326.png,sushiitto
word_2327.png,Japanese
word_2328.png,with
word_2329.png,twist
word_2330.png,Restauran
word_2332.png,and
word_2333.png,take
word_2334.png,away
word_2335.png,Londre
word_2337.png,Eixample
word_2338.png,esquerre
word_2339.png,8036
word_2340.png,Barcelona
word_2341.png,932
word_2342.png,412
word_2343.png,199
word_2344.png,www.sushi-itto.es
word_2345.png,miniguide
word_2346.png,BARCELONA
word_2347.png,DAY
word_2348.png,WARRANTY
word_2349.png,ALL
word_2350.png,REPAIRS
word_2351.png,Find
word_2352.png,out
word_2353.png,more
word_2354.png,From
word_2355.png,only
word_2356.png,£10
word_2357.png,Per
word_2358.png,day
word_2359.png,Book
word_2360.png,Now
word_2361.png,NOW
word_2362.png,HALF
word_2363.png,PRICE
word_2364.png,SALE
word_2365.png,Sale
word_2366.png,ends
word_2367.png,21st
word_2368.png,Jan.
word_2369.png,Click
word_2370.png,here
word_2371.png,for
word_2372.png,all
word_2373.png,sale
word_2374.png,items
word_2375.png,Book
word_2376.png,your
word_2377.png,Repair
word_2378.png,CLICK
word_2379.png,HERE
word_2380.png,Save
word_2381.png,20%
word_2382.png,February
word_2383.png,Breaks
word_2384.png,Springer
word_2385.png,NEW
word_2386.png,BOOK
word_2387.png,ALERT
word_2388.png,Journal
word_2389.png,the
word_2390.png,Brazilian
word_2391.png,Computer
word_2392.png,Society
word_2393.png,Springer
word_2394.png,COMPUTER
word_2395.png,SCIENCE
word_2396.png,Must
word_2397.png,Go!
word_2398.png,Taggies
word_2399.png,Take-A-Long-
word_2400.png,Sleepytime
word_2401.png,Was
word_2402.png,£6.97
word_2403.png,NOW
word_2404.png,£3.49
word_2405.png,50%
word_2406.png,Off
word_2407.png,Must
word_2408.png,Go!
word_2409.png,Clair
word_2410.png,Lune
word_2411.png,Piece
word_2412.png,Bedding
word_2413.png,Bale
word_2414.png,Ivory
word_2415.png,Was
word_2416.png,£44.97
word_2417.png,NOW
word_2418.png,£22.49
word_2419.png,50%
word_2420.png,Off
word_2421.png,STOKKE
word_2422.png,Stokke
word_2423.png,lzisleep
word_2424.png,Besafe
word_2425.png,Car
word_2426.png,Seat
word_2427.png,Blue
word_2428.png,Was
word_2429.png,£230.10
word_2430.png,NOW
word_2431.png,£115.05
word_2432.png,50%
word_2433.png,Off
word_2434.png,Must
word_2435.png,Go!
word_2436.png,BrotherMax
word_2437.png,Pack
word_2438.png,Bath
word_2439.png,Toys
word_2440.png,Was
word_2441.png,£12.97
word_2442.png,NOW
word_2443.png,£6.49
word_2444.png,50%
word_2445.png,Off
word_2446.png,STOKKE
word_2447.png,Stokke
word_2448.png,Xplory
word_2449.png,Carrycot
word_2450.png,Red
word_2451.png,Was
word_2452.png,£116.97
word_2453.png,50%
word_2454.png,Off
word_2455.png,NOW
word_2456.png,£58.49
word_2457.png,STOKKE
word_2458.png,Stokke
word_2459.png,Xplory
word_2460.png,Carry
word_2461.png,Cot
word_2462.png,Green
word_2463.png,Was
word_2464.png,£122.97
word_2465.png,50%
word_2466.png,Off
word_2467.png,NOW
word_2468.png,£61.49
word_2469.png,Must
word_2470.png,Go!
word_2471.png,Chicco
word_2472.png,Talking
word_2473.png,Farm
word_2474.png,Was
word_2475.png,£29.97
word_2476.png,NOW
word_2477.png,£14.99
word_2478.png,50%
word_2479.png,Off
word_2480.png,Must
word_2481.png,Go!
word_2482.png,Hoppop
word_2483.png,Pilo
word_2484.png,Deluxe
word_2485.png,Changing
word_2486.png,Mat
word_2487.png,Fuchsia
word_2488.png,Was
word_2489.png,£50.97
word_2490.png,NOW
word_2491.png,£25.49
word_2492.png,50%
word_2493.png,Off
word_2494.png,Must
word_2495.png,Go!
word_2496.png,Norton
word_2497.png,Storm
word_2498.png,Carry
word_2499.png,Cot
word_2500.png,Black
word_2501.png,Magic
word_2502.png,Was
word_2503.png,£123.97
word_2504.png,NOW
word_2505.png,£61.99
word_2506.png,50%
word_2507.png,Off
word_2508.png,Must
word_2509.png,Go!
word_2510.png,Chicco
word_2511.png,Musical
word_2512.png,Bunny
word_2513.png,Rabbit
word_2514.png,Stroller
word_2515.png,Toy
word_2516.png,Was
word_2517.png,£11.97
word_2518.png,NOW
word_2519.png,£5.99
word_2520.png,50%
word_2521.png,Off
word_2522.png,MustGo!
word_2523.png,BabyBjorn
word_2524.png,Baby
word_2525.png,Carrier
word_2526.png,Original
word_2527.png,Spirit
word_2528.png,Blue
word_2529.png,Moon
word_2530.png,Was
word_2531.png,£47.97
word_2532.png,NOW
word_2533.png,£23.99
word_2534.png,50%
word_2535.png,Off
word_2536.png,STOKKE
word_2537.png,Stokke
word_2538.png,Sleepi
word_2539.png,Sleeping
word_2540.png,Bag
word_2541.png,Dots
word_2542.png,Pink
word_2543.png,90Cm
word_2544.png,Was
word_2545.png,£60.25
word_2546.png,NOW
word_2547.png,£19.99
word_2548.png,50%
word_2549.png,Off
word_2550.png,Must
word_2551.png,Go!
word_2552.png,Falcon
word_2553.png,Hopper
word_2554.png,Unisex
word_2555.png,Bike
word_2556.png,White
word_2557.png,"12\"""
word_2558.png,Was
word_2559.png,£57.97
word_2560.png,NOW
word_2561.png,£28.99
word_2562.png,50%
word_2563.png,Off
word_2564.png,STOKKE
word_2565.png,Stokke
word_2566.png,Xplory
word_2567.png,With
word_2568.png,Carrycot
word_2569.png,Green
word_2570.png,Grey
word_2571.png,Was
word_2572.png,£663.97
word_2573.png,50%
word_2574.png,Off
word_2575.png,NOW
word_2576.png,£331.99
word_2577.png,Must
word_2578.png,Go!
word_2579.png,Kuster
word_2580.png,Highchair
word_2581.png,White
word_2582.png,Was
word_2583.png,£106.97
word_2584.png,NOW
word_2585.png,£53.48
word_2586.png,50%
word_2587.png,Off
word_2588.png,cloud
word_2589.png,com
word_2590.png,computing
word_2591.png,now
word_2592.png,ACCESS
word_2593.png,DISCOVER
word_2594.png,ENGAGE
word_2595.png,and
word_2596.png,ROI
word_2597.png,Collection
word_2598.png,Delivery
word_2599.png,Currents
word_2600.png,Monthly
word_2601.png,ANALOG
word_2602.png,DEVICES
word_2603.png,FREE
word_2604.png,ONLINE
word_2605.png,TUTORIAL
word_2606.png,Tutorials
word_2607.png,from
word_2608.png,IEEE
word_2609.png,Communications
word_2610.png,Society
word_2611.png,www.comsoc.org/freetutorials
word_2612.png,Now
word_2613.png,FREE
word_2614.png,ACCESS
word_2615.png,Until
word_2616.png,June
word_2617.png,2010
word_2618.png,FOR
word_2619.png,LIMITED
word_2620.png,TIME
word_2621.png,ONLY
word_2622.png,GENERALIZED
word_2623.png,DFT
word_2624.png,FOR
word_2625.png,OFDM
word_2626.png,COMMUNICATIONS
word_2627.png,Presented
word_2628.png,IEEE
word_2629.png,GLOBECOM
word_2630.png,2009
word_2631.png,Ali
word_2632.png,Akansu
word_2633.png,Click
word_2634.png,Access
word_2635.png,Free
word_2636.png,Tutorial
word_2637.png,ENTERPRISE
word_2638.png,COLLABORATION
word_2639.png,SEE
word_2640.png,AND
word_2641.png,CONTROL
word_2642.png,BEYOND
word_2643.png,THE
word_2644.png,FIREWALL
word_2645.png,Akamai
word_2646.png,twitter
word_2647.png,Twitter
word_2648.png,Insider
word_2649.png,Blog
word_2650.png,Upcoming
word_2651.png,Events
word_2652.png,Dublin
word_2653.png,May
word_2654.png,June
word_2655.png,June
word_2656.png,Aug
word_2657.png,Rhianna
word_2658.png,Westlife
word_2659.png,Riverdance
word_2660.png,Aren
word_2662.png,Par
word_2664.png,Theatr
word_2666.png,Dublin
word_2667.png,Dublin
word_2668.png,For
word_2669.png,More
word_2670.png,Events
word_2671.png,Click
word_2672.png,Here
word_2673.png,Upcoming
word_2674.png,Events
word_2675.png,Manchester
word_2676.png,June
word_2677.png,June
word_2678.png,June
word_2679.png,Lady
word_2680.png,Gaga
word_2681.png,Cirque
word_2682.png,Soleil
word_2683.png,Britain's
word_2684.png,Got
word_2685.png,Talent
word_2686.png,MEN
word_2687.png,Aren
word_2689.png,Aren
word_2691.png,Aren
word_2693.png,Manchester
word_2694.png,Manchester
word_2695.png,For
word_2696.png,More
word_2697.png,Events
word_2698.png,Click
word_2699.png,Here
word_2700.png,Upcoming
word_2701.png,Events
word_2702.png,Dublin
word_2703.png,March
word_2704.png,March
word_2705.png,March
word_2706.png,St.
word_2707.png,Patricks
word_2708.png,Festiva
word_2710.png,Scotlan
word_2712.png,Dublin
word_2713.png,Croke
word_2714.png,Park
word_2715.png,Aren
word_2717.png,For
word_2718.png,More
word_2719.png,Information
word_2720.png,Events
word_2721.png,Click
word_2722.png,Here
word_2723.png,Join
word_2724.png,our
word_2725.png,facebook
word_2726.png,group
word_2727.png,149.99 €
word_2728.png,FriendHub
word_2729.png,Todos
word_2730.png,tenemos
word_2731.png,algo
word_2732.png,que
word_2733.png,nos
word_2734.png,une
word_2735.png,174.99 €
word_2736.png,500
word_2737.png,Mosley Street
word_2738.png,INTERNATIONAL
word_2739.png,GREEN
word_2740.png,COMPUTING
word_2741.png,CONFERENCE
word_2742.png,AUGUST
word_2743.png,15-Jan
word_2745.png,CHICAG
word_2747.png,CALL
word_2748.png,FOR
word_2749.png,PAPERS
word_2750.png,NOW
word_2751.png,OPEN
word_2752.png,DUE
word_2753.png,APRIL
word_2754.png,2010
word_2755.png,Apartment
word_2756.png,Deals
word_2757.png,The
word_2758.png,Smarter
word_2759.png,Accommodation
word_2760.png,Alternative
word_2761.png,UK:
word_2762.png,0-845
word_2763.png,680084
word_2764.png,IRE:
word_2765.png,352
word_2766.png,-6776600
word_2767.png,USA/CANADA:
word_2768.png,1-800-789-8734
word_2769.png,E:info@staycity.com
word_2770.png,staycity
word_2771.png,.com
word_2772.png,Apartment
word_2773.png,Deals
word_2774.png,The
word_2775.png,Smarter
word_2776.png,Accommodation
word_2777.png,Alternative
word_2778.png,StayCity
word_2779.png,.com
word_2780.png,UK:
word_2781.png,0-845
word_2782.png,6800848
word_2783.png,IRE:
word_2784.png,-6776248
word_2785.png,USA/CANADA:
word_2786.png,1-800-789-8734
word_2787.png,info@staycity.com
word_2788.png,EyeTrackUX
word_2789.png,Tobii
word_2790.png,Eye
word_2791.png,Tracking
word_2792.png,Conference
word_2793.png,User
word_2794.png,Experience
word_2795.png,Leuve
word_2798.png,02-Mar
word_2799.png,2010
word_2800.png,THE
word_2801.png,WEEK
word_2802.png,placed
word_2803.png,Flash
word_2804.png,Friend
word_2805.png,player
word_2806.png,game
word_2807.png,and
word_2808.png,GAME
word_2809.png,PRICE
word_2810.png,CUT
word_2811.png,GET
word_2812.png,25%
word_2813.png,OFF
word_2814.png,WEB
word_2815.png,HOSTING
word_2816.png,And
word_2817.png,put
word_2818.png,your
word_2819.png,domain
word_2820.png,name
word_2821.png,use
word_2822.png,Owning
word_2823.png,website
word_2824.png,has
word_2825.png,rarely
word_2826.png,been
word_2827.png,cheaper!
word_2828.png,BUY
word_2829.png,NOW!
word_2830.png,vuela
word_2831.png,The
word_2832.png,Vueling
word_2833.png,newsletter
word_2834.png,with
word_2835.png,the
word_2836.png,latest
word_2837.png,news
word_2838.png,and
word_2839.png,deals
word_2840.png,HOT
word_2841.png,SUMMER
word_2842.png,SPECIALS
word_2843.png,TRENDS
word_2844.png,GLOBAL
word_2845.png,COMMUNICATIONS
word_2846.png,RIDING
word_2847.png,THE
word_2848.png,NEXT
word_2849.png,DIGITAL
word_2850.png,WAVE
word_2851.png,IIC
word_2852.png,ANNUAL
word_2853.png,CONFERENCE
word_2854.png,2010
word_2855.png,MONDAY
word_2856.png,18-TUESDAY
word_2857.png,OCTOBE
word_2859.png,International
word_2860.png,Institute
word_2861.png,Communications
word_2862.png,BARCELONA
word_2863.png,From
word_2864.png,£6
word_2865.png,/day
word_2866.png,Bulgaria
word_2867.png,£10/day
word_2868.png,Italy
word_2869.png,£16/day
word_2870.png,USA
word_2871.png,£16/day
word_2872.png,Austria
word_2873.png,£21/day
word_2874.png,France
word_2875.png,£22/day
word_2876.png,Switzerland
word_2877.png,£25/day
word_2878.png,Canada
word_2879.png,£25/day
word_2880.png,Book
word_2881.png,Now
word_2882.png,UM...
word_2883.png,YOU
word_2884.png,KNOW
word_2885.png,THAT
word_2886.png,YOU
word_2887.png,CAN
word_2888.png,USE
word_2889.png,DROPBOX
word_2890.png,STRAIGHT
word_2891.png,FROM
word_2892.png,YOUR
word_2893.png,PHON
word_2895.png,OH...
word_2896.png,REALLY...
word_2897.png,Tutorials
word_2898.png,Now
word_2899.png,FREE
word_2900.png,ONLINE
word_2901.png,TUTORIAL
word_2902.png,from
word_2903.png,IEEE
word_2904.png,Communications
word_2905.png,Society
word_2906.png,www.comsoc.org/freetutorials
word_2907.png,FREE
word_2908.png,ACCESS
word_2909.png,FOR
word_2910.png,LIMITED
word_2911.png,TIME
word_2912.png,ONLY
word_2913.png,IPv6
word_2914.png,TRANSITION
word_2915.png,Presented
word_2916.png,Chris
word_2917.png,Met
word_2919.png,Systems
word_2920.png,Click
word_2921.png,Access
word_2922.png,Free
word_2923.png,Tutorial
word_2924.png,IEEE
word_2925.png,COMMUNICATIONS
word_2926.png,SOCIETY
word_2927.png,FREE
word_2928.png,ACCESS
word_2929.png,SPONSORED
word_2930.png,CISCO.
word_2931.png,For
word_2932.png,other
word_2933.png,sponsor
word_2934.png,opportunitie
word_2936.png,contact
word_2937.png,Eric
word_2938.png,Levin
word_2940.png,Publisher
word_2941.png,Phone:
word_2942.png,212-705-892
word_2944.png,e_levine@comsoc.org
word_2945.png,JANUARY
word_2946.png,SALE
word_2947.png,NOW
word_2948.png,ON!
word_2949.png,CLICK
word_2950.png,HERE
word_2951.png,FOR
word_2952.png,HUGE
word_2953.png,SAVINGS
word_2954.png,SONY
word_2955.png,VAIO
word_2956.png,F13
word_2957.png,LAPTOP
word_2958.png,Intel
word_2959.png,Core
word_2960.png,4GB
word_2961.png,RAM
word_2962.png,500GB
word_2963.png,Hard
word_2964.png,Drive
word_2965.png,"16.4\"""
word_2966.png,Screen
word_2967.png,Blu-ray
word_2968.png,1GB
word_2969.png,NVIDIA
word_2970.png,Graphics
word_2971.png,SAVE:
word_2972.png,£130
word_2973.png,WAS:
word_2974.png,"£1,149.97"
word_2975.png,CLICK
word_2976.png,HERE
word_2977.png,SALE
word_2978.png,PRICE
word_2979.png,£979.97
word_2980.png,ACER
word_2981.png,ASPIRE
word_2982.png,5742Z
word_2983.png,Intel
word_2984.png,Pentium
word_2985.png,P6100
word_2986.png,4GB
word_2987.png,RAM
word_2988.png,250GB
word_2989.png,Hard
word_2990.png,Drive
word_2991.png,"15.6\"""
word_2992.png,Screen
word_2993.png,DVD
word_2994.png,Super-Multi
word_2995.png,Intel
word_2996.png,Graphics
word_2997.png,SAVE:
word_2998.png,£50
word_2999.png,WAS:
word_3000.png,£449.97
word_3001.png,CLICK
word_3002.png,HERE
word_3003.png,SALE
word_3004.png,PRICE
word_3005.png,£399.97
word_3006.png,ACER
word_3007.png,ASPIRE
word_3008.png,5742
word_3009.png,Intel
word_3010.png,Core
word_3011.png,i3-370M
word_3012.png,4GB
word_3013.png,RAM
word_3014.png,320GB
word_3015.png,Hard
word_3016.png,Drive
word_3017.png,"15.6\"""
word_3018.png,Screen
word_3019.png,DVD
word_3020.png,Super
word_3021.png,Multi
word_3022.png,Intel
word_3023.png,Graphics
word_3024.png,SAVE:
word_3025.png,£45
word_3026.png,WAS:
word_3027.png,£479.97
word_3028.png,CLICK
word_3029.png,HERE
word_3030.png,SALE
word_3031.png,PRICE
word_3032.png,£434.97
word_3033.png,JANUARY
word_3034.png,SALE
word_3035.png,Save
word_3036.png,50%
word_3037.png,Tutorials
word_3038.png,Now
word_3039.png,FREE
word_3040.png,ONLINE
word_3041.png,TUTORIAL
word_3042.png,from
word_3043.png,IEEE
word_3044.png,Communications
word_3045.png,Society
word_3046.png,www.comsoc.org/freetutorials
word_3047.png,FREE
word_3048.png,ACCESS
word_3049.png,FOR
word_3050.png,LIMITED
word_3051.png,TIME
word_3052.png,ONLY
word_3053.png,COOPERATIVE
word_3054.png,WIRELESS
word_3055.png,NETWORKING
word_3056.png,Originally
word_3057.png,presented
word_3058.png,IEEE
word_3059.png,GLOBECOM
word_3060.png,Click
word_3061.png,Access
word_3062.png,Limited
word_3063.png,Offer
word_3064.png,The
word_3065.png,Twelfth
word_3066.png,IASTED
word_3067.png,International
word_3068.png,Conference
word_3069.png,Signal
word_3070.png,and
word_3071.png,Image
word_3072.png,Processing
word_3073.png,August
word_3074.png,2
word_3076.png,Mau
word_3079.png,CALL
word_3080.png,FOR
word_3081.png,PAPERS!
word_3082.png,Book
word_3083.png,early
word_3084.png,Midterm
word_3085.png,holidays
word_3086.png,Easter
word_3087.png,holidays
word_3088.png,Summer
word_3089.png,holidays
word_3090.png,FREE
word_3091.png,WEBINAR
word_3092.png,from
word_3093.png,IEEE
word_3094.png,Communications
word_3095.png,Society
word_3096.png,www.comsoc.org/webinar
word_3097.png,Live
word_3098.png,WEBiNAR
word_3099.png,IEEE
word_3100.png,COMSOC
word_3101.png,TUESDA
word_3103.png,2
word_3105.png,11:00
word_3106.png,Easter
word_3108.png,Pacifi
word_3110.png,U
word_3112.png,Western
word_3113.png,Europe
word_3114.png,FUTURE
word_3115.png,TACTICAL
word_3116.png,MILITARY
word_3117.png,COMMUNICATIONS
word_3118.png,SYSTEMS
word_3119.png,Register
word_3120.png,FREE
word_3121.png,WEBINAR
word_3122.png,Leveraging
word_3123.png,Agile
word_3124.png,Streamline
word_3125.png,Software
word_3126.png,Product
word_3127.png,Line
word_3128.png,Engineering
word_3129.png,NOW
word_3130.png,Sponsored
word_3131.png,IEEE
word_3132.png,computer
word_3133.png,MKS
word_3134.png,society
word_3135.png,TWO
word_3136.png,WAYS
word_3137.png,MAKE
word_3138.png,YOUR
word_3139.png,ESCAPE
word_3140.png,POSSIBLE.
word_3141.png,The
word_3142.png,Akamai
word_3143.png,Quarterly
word_3144.png,Akamai
word_3145.png,American
word_3146.png,Idol
word_3147.png,Akamai
word_3148.png,The
word_3149.png,Internet
word_3150.png,Revolution
word_3151.png,continues...
word_3152.png,824.99 €
word_3153.png,Recommended
word_3154.png,by:
word_3155.png,lonely
word_3156.png,planet
word_3157.png,NAT
word_3158.png,GEO
word_3159.png,ADVENTURE
word_3160.png,ROUGH
word_3161.png,GUIDES
word_3162.png,HOSTELWORLD.com
word_3163.png,359.99
word_3164.png,€
word_3165.png,Tough
word_3166.png,New
word_3167.png,2011
word_3168.png,ONLINE
word_3169.png,PLUS
word_3170.png,publishing
word_3171.png,evolved
word_3172.png,Get
word_3173.png,online
word_3174.png,acces
word_3176.png,boo
word_3178.png,interactive
word_3179.png,CD.
word_3180.png,PENN
word_3181.png,STATE
word_3182.png,ONLINE
word_3183.png,Online
word_3184.png,master's
word_3185.png,degree
word_3186.png,Software
word_3187.png,Engineering
word_3188.png,LEARN
word_3189.png,MORE
word_3190.png,REINAS
word_3191.png,200+
word_3192.png,Days
word_3193.png,Web
word_3194.png,Retention
word_3195.png,650
word_3196.png,Days
word_3197.png,NNTP
word_3198.png,Retention
word_3199.png,Free
word_3200.png,256-Bit
word_3201.png,Encrypted
word_3202.png,SSL
word_3203.png,Unlimited
word_3204.png,Connections
word_3205.png,Rollover
word_3206.png,Gigs
word_3207.png,SIGN
word_3208.png,TODAY!
word_3209.png,SC10
word_3210.png,NewOrlean
word_3211.png,Akamai
word_3212.png,Akamai
word_3213.png,Report:
word_3214.png,The
word_3215.png,State
word_3216.png,The
word_3217.png,Internet
word_3218.png,3rd
word_3219.png,Quarte
word_3221.png,VOLUME
word_3222.png,NUMBER
word_3223.png,Akamai
word_3224.png,Akamai
word_3225.png,Report:
word_3226.png,The
word_3227.png,State
word_3228.png,the
word_3229.png,Internet
word_3230.png,4th
word_3231.png,Quarte
word_3233.png,stayAmsterdam.com
word_3234.png,Studios
word_3235.png,from
word_3236.png,€ 59
word_3237.png,per
word_3238.png,night
word_3239.png,(sleeps
word_3240.png,30%
word_3241.png,OFF
word_3242.png,selected
word_3243.png,apartments.
word_3244.png,Book
word_3245.png,now
word_3246.png,stayAmsterdam.com
word_3247.png,Studios
word_3248.png,from
word_3249.png,€ 59
word_3250.png,per
word_3251.png,night
word_3252.png,(sleeps
word_3253.png,45%
word_3254.png,off
word_3255.png,Metropolis
word_3256.png,Apts.
word_3257.png,Midweek
word_3258.png,March
word_3259.png,April
word_3260.png,2010
word_3261.png,Book
word_3262.png,now
word_3263.png,stayAmsterdam.com
word_3264.png,Studios
word_3265.png,from
word_3266.png,€ 59
word_3267.png,per
word_3268.png,night
word_3269.png,(sleeps
word_3270.png,35%
word_3271.png,discounts
word_3272.png,stays
word_3273.png,Jan
word_3274.png,and
word_3275.png,Feb
word_3276.png,Book
word_3277.png,now
word_3278.png,stayAmsterdam.com
word_3279.png,Studios
word_3280.png,from
word_3281.png,€ 59
word_3282.png,per
word_3283.png,night
word_3284.png,(sleeps
word_3285.png,30%
word_3286.png,OFF
word_3287.png,selected
word_3288.png,apartments.
word_3289.png,Book
word_3290.png,now
word_3291.png,stayBirmingham.com
word_3292.png,bed
word_3293.png,room
word_3294.png,rates
word_3295.png,from
word_3296.png,only
word_3297.png,£60
word_3298.png,bed
word_3299.png,room
word_3300.png,from
word_3301.png,only
word_3302.png,£70
word_3303.png,Book
word_3304.png,now
word_3305.png,stayFlorida.com
word_3306.png,Bedroom
word_3307.png,Condos
word_3308.png,from
word_3309.png,$59
word_3310.png,(sleeps
word_3311.png,Bedroom
word_3312.png,Condos
word_3313.png,from
word_3314.png,$79
word_3315.png,(sleeps
word_3316.png,Book
word_3317.png,now
word_3318.png,stayLiverpool.com
word_3319.png,Bed
word_3320.png,Apts
word_3321.png,Bed
word_3322.png,Apts
word_3323.png,from
word_3324.png,£55
word_3325.png,from
word_3326.png,£65
word_3327.png,per
word_3328.png,night
word_3329.png,(sleeps
word_3330.png,per
word_3331.png,night
word_3332.png,(sleeps
word_3333.png,RECEPTION
word_3334.png,24-Jul
word_3335.png,SKY
word_3336.png,SPORTS
word_3337.png,WiFi
word_3338.png,Book
word_3339.png,now
word_3340.png,stay
word_3341.png,Paris.com
word_3342.png,Studios
word_3343.png,Bed
word_3344.png,Apts
word_3345.png,from
word_3346.png,€ 80
word_3347.png,from
word_3348.png,€ 115
word_3349.png,per
word_3350.png,night
word_3351.png,(sleeps
word_3352.png,per
word_3353.png,night
word_3354.png,(sleeps
word_3355.png,Get
word_3356.png,10%
word_3357.png,off
word_3358.png,all
word_3359.png,stays
word_3360.png,until
word_3361.png,March
word_3362.png,31st
word_3363.png,2010
word_3364.png,Book
word_3365.png,Now
word_3366.png,RECEPTION
word_3367.png,24-Jul
word_3368.png,stayParis.com
word_3369.png,Rates
word_3370.png,from
word_3371.png,only
word_3372.png,€ 80
word_3373.png,per
word_3374.png,studio
word_3375.png,Book
word_3376.png,now
word_3377.png,stayRome.com
word_3378.png,Bed
word_3379.png,Apts
word_3380.png,from
word_3381.png,€ 79
word_3382.png,(sleeps
word_3383.png,20%
word_3384.png,discounts
word_3385.png,selected
word_3386.png,apartments
word_3387.png,Book
word_3388.png,now
word_3389.png,PREMIER
word_3390.png,APARTMENTS
word_3391.png,20
word_3392.png,IEEE
word_3393.png,TRANSACTIONS
word_3394.png,COMPUTERS
word_3395.png,Special
word_3396.png,Section
word_3397.png,System-Level
word_3398.png,Design
word_3399.png,Reliable
word_3400.png,Architectures
word_3401.png,Eye
word_3402.png,Track
word_3403.png,Asia
word_3404.png,Visual
word_3405.png,media
word_3406.png,communication
word_3407.png,Asian
word_3408.png,context
word_3409.png,Hong
word_3410.png,Kon
word_3412.png,4-
word_3414.png,Tobii
word_3415.png,TX300
word_3416.png,Eye
word_3417.png,Tracker
word_3418.png,300
word_3419.png,sampling
word_3420.png,rate
word_3421.png,and
word_3422.png,freedom
word_3423.png,movement
word_3424.png,2011
word_3425.png,NEW
word_3426.png,YEAR'S
word_3427.png,RESOLUTIONS
word_3428.png,BOOK
word_3429.png,NOW
word_3430.png,follow
word_3431.png,twitter
word_3432.png,80%
word_3433.png,spring
word_3434.png,discount
word_3435.png,Cialis
word_3436.png,Viagra
word_3437.png,Viagra
word_3438.png,Super
word_3439.png,Active+
word_3440.png,Cialis
word_3441.png,Professional
word_3442.png,Female
word_3443.png,Viagra
word_3444.png,Viagra
word_3445.png,Professional
word_3446.png,PayPal
word_3447.png,VISA
word_3448.png,Upcoming
word_3449.png,Events
word_3450.png,Dublin
word_3451.png,Feb
word_3452.png,Feb
word_3453.png,20-21
word_3454.png,Feb
word_3455.png,Meteor
word_3456.png,Music
word_3457.png,Awards
word_3458.png,Lady
word_3459.png,Gaga
word_3460.png,JLS
word_3461.png,RDS.
word_3462.png,Dublin
word_3463.png,Aren
word_3465.png,Aren
word_3467.png,Visit
word_3468.png,our
word_3469.png,Repair
word_3470.png,Centre
word_3471.png,Click
word_3472.png,for
word_3473.png,directions
word_3474.png,IEEE
word_3475.png,IEEE
word_3476.png,WIRELESS
word_3477.png,COMMUNICATION
word_3478.png,WCET
word_3479.png,ENGINEERING
word_3480.png,TECHNOLOGIES
word_3481.png,IEEE
word_3482.png,COMMUNICATIONS
word_3483.png,SOCIETY
word_3484.png,CERTIFICATION
word_3485.png,CERTIFICATION
word_3486.png,SPONSORED
word_3487.png,WHITEPAPERS
word_3488.png,IEEE
word_3489.png,computer
word_3490.png,society
word_3491.png,COMPUTER.ORG/WHITEPAPERS
word_3492.png,for
word_3493.png,list
word_3494.png,our
word_3495.png,whitepapers
word_3496.png,Wishing
word_3497.png,all
word_3498.png,our
word_3499.png,guests
word_3500.png,very
word_3501.png,Merry
word_3502.png,Christmas
word_3503.png,and
word_3504.png,prosperous
word_3505.png,New
word_3506.png,Year!
word_3507.png,From
word_3508.png,all
word_3509.png,stay
word_3510.png,City
word_3511.png,.com
word_3512.png,Oxfam
word_3513.png,This
word_3514.png,Christmas
word_3515.png,support
word_3516.png,and
word_3517.png,their
word_3518.png,work
word_3519.png,relieve
word_3520.png,povert
word_3522.png,and
word_3523.png,suffering
word_3524.png,some
word_3525.png,the
word_3526.png,poorest
word_3527.png,countries
word_3528.png,the
word_3529.png,world.
word_3530.png,RESEARCHERID
word_3531.png,NEWS
word_3532.png,Depth
word_3533.png,JULY
word_3534.png,2010
word_3535.png,ResearcherID
word_3536.png,Newsletter
word_3537.png,Learn
word_3538.png,how
word_3539.png,EndNote
word_3540.png,Web
word_3541.png,can
word_3542.png,help
word_3543.png,you
word_3544.png,manage
word_3545.png,your
word_3546.png,references
word_3547.png,More
word_3548.png,about
word_3549.png,EndNote
word_3550.png,Web
word_3551.png,Upgrade
word_3552.png,Club
word_3553.png,VAIO
word_3554.png,account
word_3555.png,SONY
word_3556.png,Products
word_3557.png,Shop
word_3558.png,Support
word_3559.png,Club
word_3560.png,VAIO
word_3561.png,Boxster
word_3562.png,Cayman
word_3563.png,911
word_3564.png,Panamera
word_3565.png,Cayenne
word_3566.png,Control
word_3567.png,Ctrl
